{
	"credit": "Made by TheWaschtlPlays using Blockbench",
	"textures": {
		"0": "custom_textures/brown_mushroom",
		"particle": "block/brown_mushroom"
	},
	"elements": [
		{
			"from": [7, 0, 7],
			"to": [9, 4, 9],
			"rotation": {"angle": 0, "axis": "y", "origin": [7, 0, 7]},
			"faces": {
				"north": {"uv": [7, 12, 9, 16], "texture": "#0"},
				"east": {"uv": [9, 12, 7, 16], "texture": "#0"},
				"south": {"uv": [7, 12, 9, 16], "texture": "#0"},
				"west": {"uv": [9, 12, 7, 16], "texture": "#0"},
				"down": {"uv": [7, 14, 9, 16], "texture": "#0", "cullface": "down"}
			}
		},
		{
			"from": [4, 4, 4],
			"to": [12, 6, 12],
			"rotation": {"angle": 0, "axis": "y", "origin": [4, 4, 4]},
			"faces": {
				"north": {"uv": [8, 0, 0, 2], "texture": "#0"},
				"east": {"uv": [8, 0, 6, 8], "rotation": 90, "texture": "#0"},
				"south": {"uv": [0, 8, 8, 6], "texture": "#0"},
				"west": {"uv": [2, 0, 0, 8], "rotation": 270, "texture": "#0"},
				"up": {"uv": [0, 0, 8, 8], "texture": "#0"},
				"down": {"uv": [0, 0, 8, 8], "texture": "#0"}
			}
		},
		{
			"from": [5, 6, 5],
			"to": [11, 7, 11],
			"rotation": {"angle": 0, "axis": "y", "origin": [4, 4.75, 4]},
			"faces": {
				"north": {"uv": [7, 1, 1, 2], "texture": "#0"},
				"east": {"uv": [7, 1, 6, 7], "rotation": 90, "texture": "#0"},
				"south": {"uv": [1, 7, 7, 6], "texture": "#0"},
				"west": {"uv": [2, 1, 1, 7], "rotation": 270, "texture": "#0"},
				"up": {"uv": [1, 1, 7, 7], "texture": "#0"}
			}
		}
	]
}